batch_id,status,transaction_count,total_amount
0,FAILED,2,2394760.62
0,PENDING,4,4419298.9
0,SUCCESS,3,3564078.17
1,FAILED,6,15357816.98
1,PENDING,8,11777866.07
1,SUCCESS,5,7399399.85
2,FAILED,9,17582564.11
2,PENDING,13,23671891.16
2,SUCCESS,6,8654553.25
3,FAILED,12,23118414.9
3,PENDING,15,29720039.48
3,SUCCESS,8,15995534.66
4,FAILED,14,26943643.14
4,PENDING,17,35916037.39
4,SUCCESS,14,23119728.63
5,FAILED,17,32308957.78
5,SUCCESS,20,40804574.21
6,FAILED,20,37618889.38
6,PENDING,18,38036844.75
6,SUCCESS,25,53097385.37
7,FAILED,26,49703534.59
7,PENDING,19,38422311.61
7,SUCCESS,27,56745127.52
8,FAILED,27,52120129.72
8,PENDING,25,46797937.13
8,SUCCESS,28,58075086.65
9,FAILED,28,56204896.88
9,PENDING,31,63049186.39
9,SUCCESS,31,63654501.6
10,FAILED,29,57355802.08
10,PENDING,33,69001623.58
10,SUCCESS,34,73949002.91
