transaction_id,customer_id,amount,status,transaction_time,updated_at,order_date,batch_id,stream_sequence,error_reason
T00093,C0018,0.00,FAILED,2024-07-07 00:00:00,2024-07-07 00:05:00,2024-07-07,0,5,INVALID_AMOUNT
T00090,C0005,0.00,FAILED,2024-08-25 00:00:00,2024-08-25 00:05:00,2024-08-25,2,20,INVALID_AMOUNT
T00089,,408376.38,FAILED,2024-08-10 00:00:00,2024-08-10 00:05:00,2024-08-10,3,30,MISSING_CUSTOMER_ID
T00088,,316191.82,FAILED,2024-07-12 00:00:00,2024-07-12 00:05:00,2024-07-12,3,33,MISSING_CUSTOMER_ID
T00092,C0020,-50.50,FAILED,2024-07-22 00:00:00,2024-07-22 00:05:00,2024-07-22,3,35,INVALID_AMOUNT
T00086,,626923.86,PENDING,2024-06-16 00:00:00,2024-06-16 00:05:00,2024-06-16,5,53,MISSING_CUSTOMER_ID
T00085,,436984.43,PENDING,2024-07-13 00:00:00,2024-07-13 00:05:00,2024-07-13,6,64,MISSING_CUSTOMER_ID
T00087,,722556.72,FAILED,2024-08-04 00:00:00,2024-08-04 00:05:00,2024-08-04,7,71,MISSING_CUSTOMER_ID
T00094,C0007,-1000.00,PENDING,2024-08-17 00:00:00,2024-08-17 00:05:00,2024-08-17,8,84,INVALID_AMOUNT
T00091,C0013,-50.50,PENDING,2024-06-23 00:00:00,2024-06-23 00:05:00,2024-06-23,8,85,INVALID_AMOUNT
